id,target
0,2.1138150259503163e-05
1,1.2318152585066855e-05
2,5.3972000479962645e-12
3,1.7641014204983207e-09
4,3.0236651582526974e-05
5,1.3412416137725813e-06
6,0.0023250929079949856
7,9.75885431492296e-12
8,1.0096216101374011e-05
9,9.400257265299028e-13
10,9.031152785610175e-07
11,9.316108275925217e-07
12,1.5261245778219745e-07
13,0.0008443759870715439
14,1.906320878930501e-09
15,5.55987583084061e-07
16,3.0146043172862846e-06
17,2.573692647889203e-10
18,2.3617363620331844e-09
19,1.4079283516821306e-07
20,2.4171381562965166e-10
21,9.850502635799785e-09
22,8.685603743120631e-15
23,8.996074996048264e-08
24,2.6846963763205167e-08
25,6.845814887190826e-11
26,1.2768953672193106e-09
27,1.7295731424837868e-07
28,2.4271383153973147e-05
29,6.963784016988939e-06
30,1.0773383962714433e-07
31,0.003689735196530819
32,1.2754719155849692e-12
33,1.6707207350918907e-06
34,1.4465506865235511e-05
35,2.808539179000036e-09
36,0.0017980951815843582
37,0.00013228217721916735
38,0.0005706718657165766
39,3.5136932426127476e-12
40,2.8516944894363405e-06
41,7.268075563615639e-08
42,2.4024050304660705e-08
43,2.6504229921897604e-09
44,5.678549644394515e-12
45,4.319714074288439e-13
46,0.09138386696577072
47,7.741690751572605e-06
48,0.028046542778611183
49,1.047493114469944e-08
50,8.467019506497309e-05
51,3.6219091614775323e-10
52,0.02117091789841652
53,2.606365956392409e-10
54,1.3306972505233716e-05
55,1.0661907554748717e-12
56,5.990541467326693e-07
57,0.045793503522872925
58,4.638756934127741e-08
59,2.3321021217270754e-05
60,4.804134050573339e-07
61,4.9818844186154225e-15
62,2.4938153764253457e-09
63,0.0005701236077584326
64,0.0015590516850352287
65,1.2081957656562281e-09
66,3.831459149949978e-09
67,6.593593292886224e-12
68,0.00032371876295655966
69,0.09775559604167938
70,2.1310793272277806e-06
71,1.2121617146476638e-05
72,8.976386300929562e-11
73,3.666698888959985e-11
74,2.988011544857727e-07
75,1.0515471871030968e-07
76,4.135690232942579e-06
77,7.665943990708968e-10
78,1.4832014727517162e-08
79,2.838350837919279e-06
80,0.0162288099527359
81,2.150627453900711e-09
82,2.4335073248948902e-05
83,1.5613355230925663e-07
84,2.8969288448123243e-13
85,5.531852753648536e-09
86,8.685603743120631e-15
87,0.0023625956382602453
88,3.2264087235223116e-11
89,0.0005373398889787495
90,6.493749982183772e-11
91,2.8504160143327795e-10
92,9.259464422939345e-05
93,3.2759901387180435e-06
94,0.0002092257491312921
95,1.2344298028210687e-08
96,2.101398521858755e-08
97,0.8151774406433105
98,3.1282027066481533e-06
99,0.01731395535171032
100,5.386575796748083e-16
101,1.3629877608500873e-11
102,2.4929367015147363e-08
103,0.05816604197025299
104,7.824020836592893e-13
105,7.982538932083116e-07
106,1.5166486946327495e-06
107,1.2157842320448253e-05
108,5.638941744101622e-11
109,1.9627128367005753e-08
110,1.1565165891624929e-07
111,4.346914828090576e-09
112,1.4868383857447043e-08
113,2.3825969037716277e-06
114,5.585928421203423e-12
115,1.906320878930501e-09
116,1.323458498347918e-08
117,2.6569900793416146e-11
118,6.070909535083047e-07
119,1.4515322971364597e-11
120,4.221110430080444e-06
121,1.931557561465902e-12
122,0.00021986279170960188
123,1.6341912214556942e-06
124,5.616170195565928e-09
125,2.20126814554078e-08
126,1.0617085536068771e-05
127,0.45455148816108704
128,9.398429590135038e-09
129,8.244626951636747e-05
130,2.3608974515809678e-05
131,0.05414807051420212
132,1.6415639680911198e-11
133,9.659920760896057e-05
134,0.0008523050346411765
135,4.160491118287979e-10
136,0.002165315905585885
137,1.1065171889867997e-07
138,5.338091635387343e-10
139,2.747665983626746e-11
140,1.7295731424837868e-07
141,8.118668120005168e-06
142,1.1680877376463172e-09
143,3.965923838222807e-07
144,3.1800666988601733e-07
145,1.5874074277277828e-09
146,5.603895715466933e-06
147,9.088104482293455e-15
148,1.070577127393335e-06
149,8.265807482921161e-11
150,0.0012807637685909867
151,4.878634172200691e-06
152,4.101806784853612e-13
153,3.532100163283758e-05
154,3.1407190737020585e-10
155,2.720488001539678e-10
156,7.049527628311125e-12
157,6.363284343890996e-10
158,3.4446140489308164e-05
159,8.970982290357199e-10
160,0.0003996624145656824
161,1.37207975016429e-12
162,3.286976095751015e-07
163,0.00012603792129084468
164,2.927022705989657e-06
165,1.2359280265883399e-12
166,1.0434013120175223e-06
167,4.596178992954947e-10
168,1.9828624076012602e-08
169,0.00014507512969430536
170,1.606003524612376e-12
171,1.8949720015370985e-07
172,1.0615344763209578e-05
173,1.8177834348875876e-08
174,1.8258266209159046e-05
175,1.0455388519403641e-06
176,3.5137077247782145e-07
177,3.01743227737461e-07
178,1.9643419335579893e-08
179,0.000571134383790195
180,9.752992014000483e-08
181,5.5689871794996695e-14
182,4.379397452319855e-12
183,9.48479295104221e-10
184,8.98776608693197e-10
185,1.1056627613470482e-07
186,5.76710554867077e-08
187,4.002081368525978e-06
188,4.3056871956714815e-10
189,6.2166886891645845e-06
190,4.932581578430406e-13
191,5.650254664146814e-08
192,0.23820939660072327
193,2.9032808157580803e-08
194,1.0345239422060448e-11
195,2.511274521665996e-10
196,8.475633876514621e-06
197,0.0002160849398933351
198,1.3339778888621368e-05
199,2.71101703219756e-06
200,1.0839648894034326e-05
201,3.0860053401582377e-10
202,0.0035379347391426563
203,2.0697486888821004e-06
204,2.724998921621591e-06
205,0.00045634221169166267
206,5.659092607857019e-07
207,0.021685050800442696
208,2.1710937214702852e-10
209,0.004892162978649139
210,4.208163151275812e-09
211,4.1616672130997956e-13
212,2.0085077332321517e-14
213,8.532438644515139e-11
214,1.3101090212686017e-09
215,7.816340463762117e-09
216,3.7769413552268816e-07
217,1.6743779269745573e-05
218,0.0005508602480404079
219,6.313213951614216e-09
220,4.2952092371706385e-07
221,4.510320502498777e-12
222,1.1745962638087803e-06
223,4.5726185504690875e-08
224,7.084509368038283e-11
225,2.9776097143496827e-09
226,6.965814147719129e-09
227,0.0009494283003732562
228,4.1769920855472265e-09
229,2.5643423148813405e-11
230,6.922638107198509e-08
231,9.421560198674683e-10
232,0.0424809567630291
233,1.2342835728958596e-16
234,0.0004766769125126302
235,9.662661781817405e-10
236,0.0009511500247754157
237,1.2192756457807263e-06
238,8.550662755624217e-07
239,9.542404644236058e-10
240,6.398499152737713e-08
241,2.4642747911696183e-11
242,6.459636097133625e-06
243,1.5235563921578432e-07
244,0.006043971516191959
245,8.488842406784158e-10
246,6.590104032139568e-14
247,4.32975344466513e-09
248,1.9340129497891212e-08
249,4.492195060379345e-09
250,1.9012311440746998e-06
251,1.7161721643788042e-06
252,1.147251738053967e-11
253,8.160673559132192e-08
254,0.00010873006249312311
255,5.420541238088106e-10
256,1.1179430003949165e-07
257,6.040999096512678e-07
258,2.1307929379266177e-12
259,3.227152234330788e-08
260,1.5840998651706073e-11
261,1.9588762256717018e-07
262,2.0567778847180307e-05
263,0.003189569106325507
264,4.220914462393921e-08
265,1.43344832395087e-05
266,1.464409038476333e-09
267,6.921582240693169e-08
268,0.0015849830815568566
269,9.292434697272256e-07
270,2.7633308974372994e-09
271,4.3181305753314803e-10
272,1.328202233707998e-05
273,1.146158155052035e-07
274,6.5074701183220895e-09
275,1.7152979481238617e-08
276,1.5178960310890943e-09
277,1.7161721643788042e-06
278,2.737052007262264e-08
279,0.558516800403595
280,0.028275080025196075
281,5.947886165813543e-07
282,3.2138727595697582e-15
283,5.849585068062879e-05
284,7.395891543637845e-07
285,3.952617078084586e-08
286,0.008032256737351418
287,2.369266782764612e-09
288,1.3446184270182737e-11
289,0.014181682839989662
290,2.485817560682335e-07
291,8.695202268427238e-05
292,8.049137818488816e-07
293,9.127114708462614e-07
294,1.461165624050409e-07
295,1.58213957490716e-08
296,0.004166528582572937
297,0.0010671355994418263
298,4.055383726608852e-07
299,0.0017377652693539858
300,9.145720847314465e-10
301,1.92004517884925e-05
302,9.296399587632731e-12
303,3.752105044441123e-07
304,0.004277544561773539
305,5.991448927700899e-14
306,1.3078722531645326e-06
307,8.202673598134425e-07
308,4.301462467992678e-06
309,0.004584358073771
310,3.626682287816152e-12
311,8.849875277050501e-10
312,2.3116522243071813e-06
313,1.340926928605768e-06
314,2.5369476475134434e-07
315,6.839179000905915e-09
316,1.7537360690766945e-05
317,6.021079570928123e-06
318,8.061537073444924e-07
319,0.012024475261569023
320,3.172691140207462e-05
321,8.408258977965488e-09
322,5.522997170714916e-09
323,0.0001132465768023394
324,2.9256050311232684e-06
325,0.006165882106870413
326,7.949164243514772e-11
327,2.939362975240556e-09
328,6.493737492174745e-11
329,6.124116680439329e-07
330,0.0003088844532612711
331,1.336623818353963e-13
332,0.34849321842193604
333,9.020178367791232e-06
334,2.656890263352807e-10
335,1.8245852118070616e-07
336,7.457733318005921e-06
337,0.0007522864616475999
338,1.2454180250642821e-05
339,3.604765151976608e-05
340,1.0953121964973889e-08
341,0.00037513699498958886
342,2.92761285436427e-07
343,0.9674069285392761
344,7.263259993450788e-10
345,8.670719524317416e-12
346,3.408956445127842e-06
347,0.002905607456341386
348,6.448150932474028e-13
349,0.00010579574154689908
350,1.1697063200699631e-05
351,6.225518798391727e-12
352,5.9042934985598094e-09
353,4.431865464893381e-12
354,0.8151774406433105
355,6.14458050413047e-12
356,3.824689429166028e-06
357,2.3825969037716277e-06
358,8.75945496692232e-11
359,1.335800803303755e-09
360,3.923954500351101e-05
361,1.8901000209403662e-10
362,7.883641114057871e-13
363,0.00010597799700917676
364,2.0035913206317701e-10
365,9.752708865562454e-05
366,7.883641114057871e-13
367,3.5186560696370828e-12
368,4.2589696214179185e-09
369,1.1667144030405585e-12
370,1.355844688077923e-06
371,0.0010295223910361528
372,4.65665062066023e-10
373,2.6847558274312178e-06
374,0.02521119825541973
375,1.6556542595247414e-11
376,4.710154462372884e-05
377,4.3082220457790754e-08
378,4.523614122176056e-12
379,2.1849002607154944e-08
380,8.238397519733098e-09
381,1.2342788083355313e-16
382,1.7527412637718953e-05
383,7.288301873131786e-08
384,1.131869858256307e-11
385,0.0033391641918569803
386,7.793105538667078e-08
387,1.7580714484211057e-06
388,4.400279619842795e-12
389,3.513119054332492e-06
390,1.7786305761546828e-06
391,1.183722179121105e-05
392,2.0831139124766196e-07
393,1.2276066385652484e-08
394,1.203522170811766e-09
395,2.1032234087670076e-07
396,4.7275875658669975e-08
397,2.877451515814755e-05
398,1.1049270005891731e-11
399,9.489324526157361e-08
400,1.5331689837694285e-06
401,0.00019574804173316807
402,1.0135739785255282e-06
403,7.969856719025614e-11
404,0.0012333279009908438
405,9.752992014000483e-08
406,6.568313182242491e-08
407,1.2801380788740602e-10
408,1.769672941520639e-08
409,1.4457643524208585e-13
410,1.0689622520487774e-08
411,1.2145453638368053e-06
412,3.355763222856467e-09
413,8.271693470148292e-14
414,1.8949738489482115e-07
415,1.9337258549967373e-07
416,6.593675605515159e-10
417,1.3479505014402093e-06
418,6.2056415117695e-06
419,5.019808213546639e-07
420,1.0369321046255209e-07
421,5.506464972881986e-08
422,1.8475779794968616e-09
423,5.1393608119232326e-11
424,1.473078918934334e-05
425,4.076977802469628e-06
426,1.1513295872234153e-10
427,4.683003862737678e-05
428,1.0040745124229034e-08
429,0.006287745200097561
430,6.502561063825851e-06
431,1.9985640392405912e-05
432,9.768057890324755e-11
433,4.3489657741702104e-07
434,1.8411944324725482e-07
435,1.5796866136952303e-05
436,9.410797141562455e-11
437,0.0014248108491301537
438,2.7793701065093046e-06
439,7.570055458927527e-05
440,1.7332593693630827e-10
441,0.0001646077580517158
442,9.496233360550832e-06
443,0.002172214910387993
444,0.0010252412175759673
445,2.400371279520641e-08
446,0.0066346675157547
447,1.8284936231793836e-08
448,2.353365766150084e-11
449,0.006318413652479649
450,1.0410108886027558e-10
451,1.0582270704162511e-07
452,0.05462891608476639
453,4.68836060463218e-06
454,0.0027631381526589394
455,0.00012369450996629894
456,4.513152518370589e-08
457,9.333903427943824e-09
458,4.691910748810812e-10
459,0.00023764887009747326
460,0.00651495810598135
461,6.336136948448257e-07
462,8.023821283131838e-05
463,5.3212064813124016e-05
464,1.1922490772420247e-09
465,2.8092533739254577e-06
466,1.6577604844414395e-09
467,2.646959273988614e-07
468,2.1802893570566084e-06
469,2.0392063504459657e-07
470,3.250495033725598e-13
471,1.0277696662480684e-12
472,1.040337149760262e-08
473,6.277216471062275e-06
474,3.951303728655375e-09
475,1.163880483545654e-06
476,8.184026407140419e-15
477,0.009687519632279873
478,9.366167574853534e-08
479,2.414945470263774e-07
480,8.98776608693197e-10
481,3.3460614758951124e-06
482,1.2941227950369338e-12
483,1.6203255404079187e-09
484,0.00020366607350297272
485,4.0125047462424845e-07
486,1.4295586936441396e-07
487,8.670119743675597e-13
488,0.002172214910387993
489,3.132214973500247e-12
490,3.9119996131375956e-10
491,0.025219276547431946
492,1.868797880888451e-05
493,1.7109150576288812e-06
494,7.292438874983986e-10
495,0.0003529989917296916
496,9.510480181162961e-10
497,1.5573002609681197e-10
498,6.717359307684134e-12
499,0.0008108438923954964
500,4.509982881942265e-13
501,4.195674705442798e-07
502,0.0002343368250876665
503,1.3267515341572333e-12
504,1.3268510201669415e-07
505,0.00018863892182707787
506,4.0424474434530566e-08
507,8.117739298540982e-07
508,1.1044634362633587e-07
509,5.128851299218695e-08
510,0.0001670336350798607
511,1.1251096582176601e-10
512,7.927402657925686e-12
513,0.00346284918487072
514,1.2157842320448253e-05
515,3.702621143020224e-06
516,1.6954943005131895e-09
517,6.892500459265705e-10
518,0.6331624388694763
519,7.014774610070162e-07
520,0.0033830597531050444
521,6.128362656454556e-06
522,3.2607886168989353e-06
523,0.001863348763436079
524,0.03602981194853783
525,4.363431216347635e-08
526,6.757517923006162e-08
527,1.8882138519416003e-08
528,4.271805409405971e-10
529,5.887118845748773e-07
530,5.514588679034205e-07
531,9.469133510719985e-05
532,6.80844980394113e-09
533,7.020206638230775e-09
534,0.00025064326473511755
535,2.1426981655712617e-15
536,7.059693385436105e-10
537,1.336860344647306e-10
538,1.6623373255697516e-07
539,5.940420351180364e-07
540,1.1279598766122945e-06
541,2.0329905964899808e-05
542,0.00391502445563674
543,0.0003492156392894685
544,1.3655243158439134e-08
545,0.15182775259017944
546,2.7094409915662254e-07
547,2.0888931589243404e-13
548,3.0705826770116573e-09
549,0.002281148685142398
550,4.911615073530974e-14
551,4.400271379906284e-12
552,1.0975717557037967e-10
553,2.461440999468323e-05
554,1.8879687559092417e-05
555,0.0035840077325701714
556,2.6368187633352136e-09
557,2.9081313746015525e-11
558,3.289018390972842e-09
559,4.5214296733320225e-06
560,0.01269332692027092
561,2.788633901218418e-05
562,1.208140815833758e-06
563,1.3816767250318662e-06
564,4.422499255696266e-09
565,8.455060083178978e-07
566,5.760272814292478e-10
567,1.061627141751842e-08
568,1.158776967713493e-06
569,1.0948045883196755e-06
570,4.865355094807455e-06
571,3.2799975997477304e-06
572,2.6192012114734098e-08
573,0.0015590516850352287
574,2.6787652651627525e-10
575,4.749088304834004e-07
576,1.9449258203962927e-08
577,7.175235516854173e-09
578,1.3883669680581079e-06
579,1.5811129969733884e-06
580,3.765759947794989e-13
581,9.510480181162961e-10
582,4.5506598489453154e-11
583,0.010392819531261921
584,1.3289957578876965e-08
585,2.2464018201162617e-08
586,3.295366366937169e-13
587,2.032977164390104e-07
588,1.28494007101132e-10
589,3.0698726893874095e-10
590,0.41259631514549255
591,8.192019862462985e-08
592,1.2425374507074594e-07
593,0.0002616274869069457
594,0.014515095390379429
595,2.3625721171094405e-11
596,7.022666892453344e-10
597,1.0437234777782578e-05
598,0.00011839692888315767
599,7.05081859564416e-08
600,0.008605013601481915
601,3.508033387333853e-06
602,3.053167718647387e-09
603,0.00026862905360758305
604,1.9417734620219562e-06
605,1.5878882550168782e-05
606,5.1575540713222345e-12
607,9.436761594372456e-09
608,4.734969115816057e-05
609,8.607896432319753e-14
610,6.715130211887299e-07
611,1.1510360309330281e-05
612,2.8504160143327795e-10
613,1.9326973415445536e-05
614,4.581445864459965e-06
615,2.8729294854201726e-07
616,9.402822520598875e-09
617,7.79065079115071e-09
618,1.626046963743022e-09
619,0.006683856714516878
620,7.220926523388016e-09
621,0.0016619705129414797
622,1.0349695003242232e-06
623,3.692546215461334e-07
624,3.3338952931671884e-08
625,5.326124210114358e-06
626,1.5703086608809258e-09
627,1.601080157342949e-07
628,0.5137100219726562
629,4.147072019122788e-09
630,1.084343494994755e-07
631,5.402579063229496e-06
632,3.408956445127842e-06
633,4.5543660576186085e-07
634,4.017856980453871e-08
635,4.174558615455126e-11
636,7.192544160261605e-08
637,1.7658923212593436e-09
638,3.083986954699469e-10
639,3.1751803817314794e-06
640,6.152977505280433e-08
641,1.1974869096320617e-08
642,8.7309796072077e-05
643,2.434189561029143e-08
644,3.2214234058081104e-10
645,7.769307974747619e-10
646,4.487625574256526e-06
647,4.492834869331691e-14
648,1.9716444512596354e-06
649,1.5344044257403766e-08
650,0.007986483164131641
651,2.363572705610384e-11
652,4.8047132245043755e-11
653,1.6224254162366947e-09
654,0.0007586248684674501
655,0.000310200935928151
656,4.1373195927008055e-06
657,0.0002312002907274291
658,6.907340866746381e-05
659,2.0289661062378173e-09
660,5.805911129641572e-08
661,5.771118175360024e-13
662,1.3152684005035553e-05
663,4.7050421336791715e-09
664,5.542135896258529e-14
665,1.6158842113759425e-13
666,1.1513295872234153e-10
667,1.2814209185307845e-05
668,0.002743062097579241
669,2.0661462940552155e-07
670,0.0452265664935112
671,2.5677071580076927e-09
672,2.6310788617256442e-11
673,1.5662307562003264e-10
674,2.481836600054521e-05
675,0.002918974729254842
676,3.409553528399556e-08
677,1.6525609769502125e-09
678,1.3080309058111084e-10
679,2.328069681478695e-11
680,7.127886059166144e-10
681,2.3566202322911067e-09
682,9.895188668451738e-09
683,0.5175665020942688
684,0.00027535835397429764
685,6.340779350466619e-07
686,0.1297277957201004
687,1.1566714315405617e-14
688,1.2889491696199684e-09
689,1.2728588671961916e-07
690,4.5424370910041034e-05
691,5.834061767018284e-07
692,1.0152670029128785e-06
693,4.5869356313232856e-07
694,4.0781210373097565e-06
695,0.00020881298405583948
696,0.00752244470641017
697,0.0005974318482913077
698,1.939253024829668e-06
699,1.5405544218083378e-07
700,5.678549644394515e-12
701,8.952679486640136e-09
702,1.7349438552471952e-09
703,0.0001924688694998622
704,1.7811406516354822e-10
705,8.065890837183343e-12
706,1.4928206240605313e-11
707,1.192575837194454e-06
708,0.0010659806430339813
709,9.635907645133557e-07
710,1.3331161952123693e-08
711,1.1336453553667525e-08
712,2.272781962631143e-08
713,6.155568676308176e-13
714,0.00014697122969664633
715,7.630357146126698e-08
716,3.2412592645414406e-06
717,6.119971283219394e-12
718,1.3541174403997047e-08
719,8.184026407140419e-15
720,1.731908727542475e-09
721,6.257026147205025e-13
722,1.5426354854977675e-12
723,9.252481419919079e-11
724,8.117739298540982e-07
725,6.293358195685883e-11
726,1.064045477505715e-06
727,0.0006314224447123706
728,1.0504806624567209e-07
729,1.620731282514498e-08
730,1.1524770343385171e-05
731,2.208922296631499e-06
732,3.232070722170022e-10
733,6.334982458611194e-07
734,2.7208601691142142e-11
735,0.5940282344818115
736,1.720288494988509e-11
737,1.1794387081570656e-12
738,6.593605869631425e-12
739,4.878309027844807e-07
740,6.850853395690137e-08
741,6.092244070332598e-11
742,1.4474337284298144e-09
743,1.3283393940355381e-08
744,1.5241508055652275e-09
745,4.475786226976197e-06
746,1.0350226148148067e-05
747,2.1460258015082445e-09
748,2.5609728254494257e-05
749,2.7273799219074135e-08
750,0.00025408490910194814
751,3.660610443240175e-12
752,3.32212798936915e-11
753,4.274605487353256e-07
754,3.5882376892004686e-07
755,0.007629520259797573
756,2.737052007262264e-08
757,5.487683640836849e-09
758,0.00013239195686765015
759,5.693635785064544e-07
760,3.4380238655984385e-09
761,7.257796141857398e-07
762,0.00027672245050780475
763,9.63207957838108e-10
764,1.3206681581667823e-10
765,1.2221744327689521e-05
766,9.550546619709472e-17
767,0.0002645683416631073
768,3.9813882746209117e-10
769,6.095079996271124e-11
770,0.001749119022861123
771,2.918538939411519e-07
772,1.9681566243434645e-07
773,0.00020279294403735548
774,2.8383481094351737e-06
775,3.880053500715519e-10
776,8.036858667719721e-14
777,5.911502398703306e-10
778,1.1342897323629586e-06
779,9.005446372611914e-06
780,1.2307244787734817e-06
781,6.19095399945202e-12
782,0.37603533267974854
783,0.00970206968486309
784,1.1201089833434708e-08
785,1.1897428875418115e-10
786,8.858095507102703e-11
787,4.380517850677279e-07
788,0.6331624388694763
789,3.1358982255369483e-07
790,1.828131569736602e-11
791,9.25525711625852e-10
792,2.803606093948474e-06
793,3.1597397764926427e-07
794,5.205903974569992e-08
795,3.875573195699644e-09
796,9.005980672327496e-08
797,6.060705004529154e-07
798,6.241462813250109e-08
799,0.00010159137309528887
800,8.172744855983183e-05
801,1.939001181838762e-10
802,1.2582012232087436e-07
803,6.139426034224016e-08
804,5.91646509562338e-10
805,6.618121849155667e-13
806,3.8172209315234795e-05
807,7.692883331224254e-13
808,5.154260662720844e-08
809,0.00012113854609197006
810,2.6988883350398396e-11
811,1.0317328102971146e-09
812,8.240943039083959e-09
813,8.732276768341762e-08
814,3.3898022167022646e-08
815,1.1820804751705438e-12
816,0.00010834556451300159
817,0.008034300990402699
818,0.030041243880987167
819,1.2705667629120398e-09
820,1.0743547562697131e-07
821,4.7841268724369e-08
822,0.0019466689554974437
823,7.680595444981009e-06
824,6.056166679258013e-11
825,6.833431390185218e-12
826,0.0810164287686348
827,1.62252617883496e-05
828,1.150715522868495e-09
829,5.147642241354333e-06
830,5.420541238088106e-10
831,5.636304933887004e-08
832,2.3379175217996817e-06
833,4.026419446745422e-07
834,1.336860344647306e-10
835,2.6580407319620747e-10
836,2.1859923649003576e-08
837,1.9172292013536207e-05
838,1.0064889011118794e-07
839,1.2366501778160455e-07
840,3.241804336084897e-08
841,3.5289964174642016e-14
842,8.34707465906942e-13
843,4.875552002056582e-13
844,0.07007036358118057
845,1.1295832109681214e-06
846,1.3397274825979744e-13
847,0.00011197668936802074
848,1.6033359603634563e-14
849,9.516340651316568e-05
850,3.8011734204701497e-07
851,2.4270320864161476e-07
852,4.0125047462424845e-07
853,0.008434804156422615
854,1.0849920961675252e-09
855,9.224309906130657e-05
856,2.531990188261307e-13
857,7.158138259910629e-08
858,0.00019835756393149495
859,0.055760569870471954
860,3.0394811667555643e-11
861,8.633020107161674e-14
862,2.2247608200132163e-09
863,7.212604130482983e-15
864,1.1772969266132804e-08
865,5.48731168237282e-06
866,0.2602105140686035
867,2.1394364466686966e-06
868,0.000767596298828721
869,3.0860053401582377e-10
870,4.84805423184298e-05
871,0.004722782410681248
872,4.853220492151422e-09
873,0.0033672284334897995
874,1.4927921654361853e-07
875,2.121288734946436e-11
876,3.69839995073562e-07
877,4.321227152104257e-06
878,1.2797759154636879e-05
879,3.8395646697608754e-05
880,3.9957209763130663e-10
881,3.326698205796674e-08
882,1.2013943617716905e-08
883,3.1340612167696236e-06
884,2.629120254837858e-09
885,0.00018993842240888625
886,0.0009110525134019554
887,4.06286204679418e-08
888,2.5480348386786034e-10
889,1.304274688251894e-09
890,2.457051749560346e-11
891,6.155967662707651e-13
892,0.11248131841421127
893,1.6885984166492563e-08
894,0.00015532159886788577
895,4.410301335155964e-05
896,2.0699046672234545e-06
897,1.4422288252546878e-08
898,1.5437252898209408e-07
899,1.931836580894991e-13
900,2.641809828674013e-07
901,0.14296385645866394
902,0.0012807637685909867
903,3.5902921260988485e-13
904,1.9620241431539398e-08
905,2.2376249035005458e-05
906,2.618327066272741e-08
907,2.6624129532137886e-06
908,1.3894827510796404e-08
909,1.5878882550168782e-05
910,4.911615073530974e-14
911,0.0006567222299054265
912,4.87696887319089e-08
913,2.2189369786040913e-10
914,1.5344044257403766e-08
915,1.5132505950532504e-06
916,1.3233495337772183e-05
917,0.014794093556702137
918,1.4319046233554795e-14
919,1.589120444123182e-07
920,0.00018399725377094
921,2.2687084155759152e-10
922,1.5796880688867532e-05
923,0.0004525903786998242
924,7.741738805577825e-09
925,0.0002197328576585278
926,6.437878230514116e-09
927,0.00013405777281150222
928,7.337084273473238e-10
929,0.00030440196860581636
930,1.0963353815895971e-05
931,0.002892118413001299
932,2.4621226657473017e-07
933,7.827658237147261e-07
934,8.57344002724858e-06
935,9.365378694781157e-09
936,5.42103286704787e-08
937,3.0254061478274252e-09
938,2.542104304836812e-09
939,9.232266617864582e-10
940,0.002892118413001299
941,6.921476369825541e-08
942,6.0151727666379884e-05
943,2.6505291295109146e-09
944,3.0964322377258213e-06
945,2.4071017179494447e-08
946,1.1643195648503024e-05
947,6.277168267843081e-06
948,0.046731363981962204
949,3.948676294385223e-06
950,0.0012275694170966744
951,1.8439157145611063e-10
952,4.087159197752044e-07
953,1.366690871584808e-09
954,5.248833986115642e-06
955,0.11248134821653366
956,0.00015329862071666867
957,1.8089911790752922e-08
958,5.717932238802348e-10
959,0.016264881938695908
960,2.6846963763205167e-08
961,3.647226947123272e-07
962,1.1810437854364864e-06
963,0.001051425002515316
964,5.326124210114358e-06
965,3.0394811667555643e-11
966,2.0791981114598457e-07
967,1.3339766155695543e-05
968,1.090962320482447e-09
969,1.0797360783243448e-09
970,1.2054020004370614e-08
971,0.007664325647056103
972,5.000396255915029e-13
973,1.834436248737692e-11
974,5.636304933887004e-08
975,3.5754905702845008e-09
976,9.002589784756765e-10
977,6.552774266310735e-06
978,7.476505851054804e-13
979,1.002170847641537e-06
980,5.815025517314984e-14
981,4.68836060463218e-06
982,1.5696153354838316e-07
983,2.5320747454316006e-07
984,6.590104032139568e-14
985,1.214690782853911e-13
986,2.004623411266948e-06
987,3.491637107799761e-05
988,3.0078246709308587e-05
989,1.1263690424812012e-08
990,1.795177695385064e-07
991,6.247443968404598e-15
992,3.2118930448632454e-07
993,6.845801703292409e-11
994,1.4835564721149552e-10
995,9.099166931036962e-08
996,1.745212472314961e-07
997,1.5455267202924006e-05
998,8.329596568046327e-09
999,2.2937136912037914e-10
1000,0.003583284094929695
1001,3.9525622774760905e-09
1002,1.065894502971787e-05
1003,1.518759118468438e-09
1004,4.5531408504606574e-12
1005,1.2515843650362513e-07
1006,1.1051662918148963e-09
1007,0.0005542949656955898
1008,2.1000088820666285e-11
1009,2.2080641315369576e-07
1010,1.170954178064676e-07
1011,2.6497290472882185e-10
1012,1.1084844118158799e-06
1013,0.0031368928030133247
1014,6.932333818099323e-09
1015,4.055376052747306e-07
1016,1.6717694961698726e-06
1017,0.00026595679810270667
1018,1.348308984461255e-07
1019,1.966385734797349e-11
1020,2.1644822045807643e-10
1021,3.7066849589706408e-09
1022,0.00037544482620432973
1023,1.9892080160843761e-07
1024,1.2983116448594956e-07
1025,2.7150381162727557e-15
1026,3.3947841870940465e-08
1027,2.0289661062378173e-09
1028,9.839878044315409e-12
1029,8.639642889995969e-10
1030,0.0011580201098695397
1031,5.827944846714672e-07
1032,0.0003250191221013665
1033,2.698829382197232e-09
1034,1.4463195974201426e-08
1035,9.457463420403656e-06
1036,0.0037688191514462233
1037,6.032782780274193e-12
1038,3.01343743558391e-06
1039,5.1350396157445743e-11
1040,1.9681566243434645e-07
1041,7.074929531114549e-09
1042,1.5662307562003264e-10
1043,4.2233061492424895e-08
1044,2.623932232381776e-06
1045,2.5809458736869573e-12
1046,0.005889240186661482
1047,4.514690226642415e-05
1048,4.6653355007322816e-14
1049,1.4373748025153787e-10
1050,0.00026049697771668434
1051,2.212177150795469e-06
1052,4.2746137296489906e-07
1053,3.4543365390327097e-10
1054,7.102463756014643e-11
1055,1.591295949765481e-05
1056,3.467205189622291e-08
1057,4.45237180457525e-11
1058,1.2164315388307756e-10
1059,3.0600353362331134e-09
1060,2.0609639250324108e-05
1061,0.00011736548185581341
1062,2.51327736400242e-10
1063,2.6147611853488684e-10
1064,1.1617275674780103e-07
1065,9.232561243299742e-11
1066,5.26036001247121e-06
1067,0.9917444586753845
1068,7.1092636985681246e-12
1069,1.697571749836868e-09
1070,2.2012964784323685e-09
1071,3.77927839034526e-14
1072,2.9225095659057843e-06
1073,3.052569397254956e-08
1074,6.677485544059891e-06
1075,2.592833197923028e-06
1076,2.1039491926444498e-08
1077,8.99466812143146e-08
1078,1.5034681832837293e-10
1079,2.362567606828403e-11
1080,4.087159197752044e-07
1081,4.093295160600974e-07
1082,5.9964628748576665e-12
1083,4.1278619411500017e-10
1084,1.6629081756036612e-07
1085,7.540352839896514e-07
1086,1.1295832109681214e-06
1087,2.679623745116544e-10
1088,9.123059498961084e-07
1089,1.8564365973361419e-06
1090,0.00021070416551083326
1091,2.5193417130253692e-08
1092,4.4009365596231476e-11
1093,9.005446372611914e-06
1094,6.600721462746151e-07
1095,5.2183479759548845e-09
1096,2.1054626486716188e-08
1097,4.144877496781163e-11
1098,1.765361190564363e-08
1099,4.245838347571862e-09
1100,4.45237180457525e-11
1101,0.0004435827722772956
1102,7.750495124164702e-14
1103,6.677485544059891e-06
1104,7.695998647250235e-06
1105,2.3116522243071813e-06
1106,1.0805322148144114e-07
1107,2.162560353013987e-09
1108,3.208680821042975e-10
1109,7.45601937524043e-06
1110,8.50890046422137e-07
1111,1.0953121964973889e-08
1112,5.849585068062879e-05
1113,2.116098962723356e-12
1114,7.565051918234644e-10
1115,8.331908080139172e-11
1116,2.437660441501066e-05
1117,0.0014253739500418305
1118,7.864127837819979e-06
1119,6.344551106707286e-09
1120,0.01250906940549612
1121,3.450501537827222e-07
1122,0.004321243613958359
1123,9.537859868222198e-13
1124,2.216477312799725e-08
1125,4.844594059250085e-07
1126,1.945167241501622e-05
1127,1.0837268860086624e-08
1128,7.969856719025614e-11
1129,1.2276707366254414e-06
1130,0.0021948290523141623
1131,2.5369450895595946e-07
1132,1.716863516776357e-05
1133,2.096410334218035e-08
1134,0.005240218248218298
1135,0.0002782521187327802
1136,7.012836431385949e-05
1137,4.268596309753292e-10
1138,4.012328531644016e-07
1139,4.222994448355166e-06
1140,4.2582365411547585e-10
1141,1.1924902176829733e-09
1142,0.00014226963685359806
1143,1.3660192088593703e-08
1144,3.075068377711432e-07
1145,9.503941904298596e-12
1146,1.0347430377810607e-11
1147,5.542841879924154e-11
1148,7.689110459452309e-10
1149,1.6672287736583385e-13
1150,0.04161282628774643
1151,1.1161916009527761e-11
1152,5.3898652034589656e-12
1153,1.547423522652025e-09
1154,1.129541793432054e-09
1155,1.0642001768701448e-07
1156,3.540350235198275e-10
1157,1.061238322108693e-06
1158,4.2809081279848726e-10
1159,1.1605287681959453e-06
1160,0.00023764910292811692
1161,1.730487975137862e-10
1162,1.7165169285959792e-10
1163,2.054243175564352e-08
1164,2.3747143131913617e-05
1165,8.294007329823216e-07
1166,0.0005940276896581054
1167,8.328063239027017e-11
1168,1.1994434316875413e-06
1169,0.0011313083814457059
1170,2.13472461929598e-10
1171,2.7859654583295423e-09
1172,1.3276047816646042e-08
1173,2.6076205639213867e-09
1174,1.3312736655279878e-06
1175,0.00022046672529540956
1176,1.22413293865975e-05
1177,0.20640365779399872
1178,1.2900894716949551e-06
1179,0.0007612311164848506
1180,1.7570411614542536e-07
1181,8.695210271980613e-05
1182,4.853229818024829e-09
1183,0.00017849700816441327
1184,1.2743515753754764e-07
1185,4.286030697020493e-10
1186,9.27195332230818e-14
1187,4.330686476095025e-09
1188,2.5482729815173855e-10
1189,3.6148456672435714e-08
1190,1.1362759977373571e-07
1191,4.73930558655411e-05
1192,1.0554489726644078e-08
1193,6.23603058080846e-10
1194,3.878168402735027e-13
1195,9.19838338830914e-09
1196,0.0003654159663710743
1197,5.2411632367466154e-08
1198,1.026892806899049e-10
1199,0.0002049775794148445
